date,current_price,pred_tomorrow,pred_3day,pred_7day,direction,confidence_pct,actual_tomorrow,return_1d,return_3d,return_7d,confidence,conf_tier,regime,actual_price,error_usd,error_pct,direction_correct
2026-03-15,68003.77,61265.5,61050.82,59096.42,📈 UP,53.8,,,,,,,,72789.91,11524.41,15.83,1.0
2026-03-15,71509.73,71507.95,-1601217060.96,-2166217148.27,📉 DOWN,,,-0.002,-2239259.5,-3029362.0,54.6,⚪ LOW,🐂 Bull,72789.91,11524.41,15.83,1.0
2026-03-15,71569.52,71570.33,71279.14,71321.78,📉 DOWN,,,0.0010000000474974,-0.4059999883174896,-0.3459999859333038,54.2,⚪ LOW,🐂 Bull,72789.91,11524.41,15.83,1.0
2026-03-15,71564.23,71565.05,71273.87,71316.51,📉 DOWN,,,0.0010000000474974,-0.4059999883174896,-0.3459999859333038,54.2,⚪ LOW,🐂 Bull,72789.91,11524.41,15.83,1.0
2026-03-15,71556.37,71557.19,71266.05,71308.68,📉 DOWN,,,0.0010000000474974,-0.4059999883174896,-0.3459999859333038,54.3,⚪ LOW,🐂 Bull,72789.91,11524.41,15.83,1.0
2026-03-16,73371.41,73258.16,73140.49,73225.8,📉 DOWN,,,-0.1539999991655349,-0.3149999976158142,-0.1979999989271164,53.9,⚪ LOW,🐂 Bull,74861.09,1602.93,2.14,0.0
2026-03-17,73997.34,73940.66,73656.12,73684.01,📉 DOWN,,,-0.0769999995827674,-0.460999995470047,-0.4230000078678131,52.2,⚪ LOW,🐂 Bull,,,,
2026-03-19,70248.16,70048.03,69758.19,70009.82,📉 DOWN,,,-0.2849999964237213,-0.6970000267028809,-0.3389999866485595,54.7,⚪ LOW,↔️  Sideways,,,,
2026-03-19,69459.15,69299.08,69080.86,69223.49,📉 DOWN,,,-0.23000000417232513,-0.5450000166893005,-0.33899998664855957,48.6,⚪ LOW,↔️  Sideways,,,,
